empId,name,email,error
1010,User10,invalid-email,Invalid email format
,User15,user15@gmail.com,EmpId is missing
1020,User20,invalid-email,Invalid email format
1030,User30,invalid-email,Invalid email format
1040,User40,invalid-email,Invalid email format
,User45,user45@gmail.com,EmpId is missing
1050,User50,invalid-email,Invalid email format
1060,User60,invalid-email,Invalid email format
1070,User70,invalid-email,Invalid email format
,User75,user75@gmail.com,EmpId is missing
1080,User80,invalid-email,Invalid email format
1090,User90,invalid-email,Invalid email format
1100,User100,invalid-email,Invalid email format
,User105,user105@gmail.com,EmpId is missing
1110,User110,invalid-email,Invalid email format
1120,User120,invalid-email,Invalid email format
1130,User130,invalid-email,Invalid email format
,User135,user135@gmail.com,EmpId is missing
1140,User140,invalid-email,Invalid email format
1150,User150,invalid-email,Invalid email format
1160,User160,invalid-email,Invalid email format
,User165,user165@gmail.com,EmpId is missing
1170,User170,invalid-email,Invalid email format
1180,User180,invalid-email,Invalid email format
1190,User190,invalid-email,Invalid email format
,User195,user195@gmail.com,EmpId is missing
1200,User200,invalid-email,Invalid email format
1210,User210,invalid-email,Invalid email format
1220,User220,invalid-email,Invalid email format
,User225,user225@gmail.com,EmpId is missing
1230,User230,invalid-email,Invalid email format
1240,User240,invalid-email,Invalid email format
1250,User250,invalid-email,Invalid email format
,User255,user255@gmail.com,EmpId is missing
1260,User260,invalid-email,Invalid email format
1270,User270,invalid-email,Invalid email format
1280,User280,invalid-email,Invalid email format
,User285,user285@gmail.com,EmpId is missing
1290,User290,invalid-email,Invalid email format
1300,User300,invalid-email,Invalid email format
1310,User310,invalid-email,Invalid email format
,User315,user315@gmail.com,EmpId is missing
1320,User320,invalid-email,Invalid email format
1330,User330,invalid-email,Invalid email format
1340,User340,invalid-email,Invalid email format
,User345,user345@gmail.com,EmpId is missing
1350,User350,invalid-email,Invalid email format
1360,User360,invalid-email,Invalid email format
1370,User370,invalid-email,Invalid email format
,User375,user375@gmail.com,EmpId is missing
1380,User380,invalid-email,Invalid email format
1390,User390,invalid-email,Invalid email format
1400,User400,invalid-email,Invalid email format
,User405,user405@gmail.com,EmpId is missing
1410,User410,invalid-email,Invalid email format
1420,User420,invalid-email,Invalid email format
1430,User430,invalid-email,Invalid email format
,User435,user435@gmail.com,EmpId is missing
1440,User440,invalid-email,Invalid email format
1450,User450,invalid-email,Invalid email format
1460,User460,invalid-email,Invalid email format
,User465,user465@gmail.com,EmpId is missing
1470,User470,invalid-email,Invalid email format
1480,User480,invalid-email,Invalid email format
1490,User490,invalid-email,Invalid email format
,User495,user495@gmail.com,EmpId is missing
1500,User500,invalid-email,Invalid email format
1510,User510,invalid-email,Invalid email format
1520,User520,invalid-email,Invalid email format
,User525,user525@gmail.com,EmpId is missing
1530,User530,invalid-email,Invalid email format
1540,User540,invalid-email,Invalid email format
1550,User550,invalid-email,Invalid email format
,User555,user555@gmail.com,EmpId is missing
1560,User560,invalid-email,Invalid email format
1570,User570,invalid-email,Invalid email format
1580,User580,invalid-email,Invalid email format
,User585,user585@gmail.com,EmpId is missing
1590,User590,invalid-email,Invalid email format
1600,User600,invalid-email,Invalid email format
1610,User610,invalid-email,Invalid email format
,User615,user615@gmail.com,EmpId is missing
1620,User620,invalid-email,Invalid email format
1630,User630,invalid-email,Invalid email format
1640,User640,invalid-email,Invalid email format
,User645,user645@gmail.com,EmpId is missing
1650,User650,invalid-email,Invalid email format
1660,User660,invalid-email,Invalid email format
1670,User670,invalid-email,Invalid email format
,User675,user675@gmail.com,EmpId is missing
1680,User680,invalid-email,Invalid email format
1690,User690,invalid-email,Invalid email format
1700,User700,invalid-email,Invalid email format
,User705,user705@gmail.com,EmpId is missing
1710,User710,invalid-email,Invalid email format
1720,User720,invalid-email,Invalid email format
1730,User730,invalid-email,Invalid email format
,User735,user735@gmail.com,EmpId is missing
1740,User740,invalid-email,Invalid email format
1750,User750,invalid-email,Invalid email format
1760,User760,invalid-email,Invalid email format
,User765,user765@gmail.com,EmpId is missing
1770,User770,invalid-email,Invalid email format
1780,User780,invalid-email,Invalid email format
1790,User790,invalid-email,Invalid email format
,User795,user795@gmail.com,EmpId is missing
1800,User800,invalid-email,Invalid email format
1810,User810,invalid-email,Invalid email format
1820,User820,invalid-email,Invalid email format
,User825,user825@gmail.com,EmpId is missing
1830,User830,invalid-email,Invalid email format
1840,User840,invalid-email,Invalid email format
1850,User850,invalid-email,Invalid email format
,User855,user855@gmail.com,EmpId is missing
1860,User860,invalid-email,Invalid email format
1870,User870,invalid-email,Invalid email format
1880,User880,invalid-email,Invalid email format
,User885,user885@gmail.com,EmpId is missing
1890,User890,invalid-email,Invalid email format
1900,User900,invalid-email,Invalid email format
1910,User910,invalid-email,Invalid email format
,User915,user915@gmail.com,EmpId is missing
1920,User920,invalid-email,Invalid email format
1930,User930,invalid-email,Invalid email format
1940,User940,invalid-email,Invalid email format
,User945,user945@gmail.com,EmpId is missing
1950,User950,invalid-email,Invalid email format
1960,User960,invalid-email,Invalid email format
1970,User970,invalid-email,Invalid email format
,User975,user975@gmail.com,EmpId is missing
1980,User980,invalid-email,Invalid email format
1990,User990,invalid-email,Invalid email format
2000,User1000,invalid-email,Invalid email format
,User1005,user1005@gmail.com,EmpId is missing
2010,User1010,invalid-email,Invalid email format
2020,User1020,invalid-email,Invalid email format
2030,User1030,invalid-email,Invalid email format
,User1035,user1035@gmail.com,EmpId is missing
2040,User1040,invalid-email,Invalid email format
2050,User1050,invalid-email,Invalid email format
2060,User1060,invalid-email,Invalid email format
,User1065,user1065@gmail.com,EmpId is missing
2070,User1070,invalid-email,Invalid email format
2080,User1080,invalid-email,Invalid email format
2090,User1090,invalid-email,Invalid email format
,User1095,user1095@gmail.com,EmpId is missing
2100,User1100,invalid-email,Invalid email format
2110,User1110,invalid-email,Invalid email format
2120,User1120,invalid-email,Invalid email format
,User1125,user1125@gmail.com,EmpId is missing
2130,User1130,invalid-email,Invalid email format
2140,User1140,invalid-email,Invalid email format
2150,User1150,invalid-email,Invalid email format
,User1155,user1155@gmail.com,EmpId is missing
2160,User1160,invalid-email,Invalid email format
2170,User1170,invalid-email,Invalid email format
2180,User1180,invalid-email,Invalid email format
,User1185,user1185@gmail.com,EmpId is missing
2190,User1190,invalid-email,Invalid email format
2200,User1200,invalid-email,Invalid email format
2210,User1210,invalid-email,Invalid email format
,User1215,user1215@gmail.com,EmpId is missing
2220,User1220,invalid-email,Invalid email format
2230,User1230,invalid-email,Invalid email format
2240,User1240,invalid-email,Invalid email format
,User1245,user1245@gmail.com,EmpId is missing
2250,User1250,invalid-email,Invalid email format
2260,User1260,invalid-email,Invalid email format
2270,User1270,invalid-email,Invalid email format
,User1275,user1275@gmail.com,EmpId is missing
2280,User1280,invalid-email,Invalid email format
2290,User1290,invalid-email,Invalid email format
2300,User1300,invalid-email,Invalid email format
,User1305,user1305@gmail.com,EmpId is missing
2310,User1310,invalid-email,Invalid email format
2320,User1320,invalid-email,Invalid email format
2330,User1330,invalid-email,Invalid email format
,User1335,user1335@gmail.com,EmpId is missing
2340,User1340,invalid-email,Invalid email format
2350,User1350,invalid-email,Invalid email format
2360,User1360,invalid-email,Invalid email format
,User1365,user1365@gmail.com,EmpId is missing
2370,User1370,invalid-email,Invalid email format
2380,User1380,invalid-email,Invalid email format
2390,User1390,invalid-email,Invalid email format
,User1395,user1395@gmail.com,EmpId is missing
2400,User1400,invalid-email,Invalid email format
2410,User1410,invalid-email,Invalid email format
2420,User1420,invalid-email,Invalid email format
,User1425,user1425@gmail.com,EmpId is missing
2430,User1430,invalid-email,Invalid email format
2440,User1440,invalid-email,Invalid email format
2450,User1450,invalid-email,Invalid email format
,User1455,user1455@gmail.com,EmpId is missing
2460,User1460,invalid-email,Invalid email format
2470,User1470,invalid-email,Invalid email format
2480,User1480,invalid-email,Invalid email format
,User1485,user1485@gmail.com,EmpId is missing
2490,User1490,invalid-email,Invalid email format
2500,User1500,invalid-email,Invalid email format
2510,User1510,invalid-email,Invalid email format
,User1515,user1515@gmail.com,EmpId is missing
2520,User1520,invalid-email,Invalid email format
2530,User1530,invalid-email,Invalid email format
2540,User1540,invalid-email,Invalid email format
,User1545,user1545@gmail.com,EmpId is missing
2550,User1550,invalid-email,Invalid email format
2560,User1560,invalid-email,Invalid email format
2570,User1570,invalid-email,Invalid email format
,User1575,user1575@gmail.com,EmpId is missing
2580,User1580,invalid-email,Invalid email format
2590,User1590,invalid-email,Invalid email format
2600,User1600,invalid-email,Invalid email format
,User1605,user1605@gmail.com,EmpId is missing
2610,User1610,invalid-email,Invalid email format
2620,User1620,invalid-email,Invalid email format
2630,User1630,invalid-email,Invalid email format
,User1635,user1635@gmail.com,EmpId is missing
2640,User1640,invalid-email,Invalid email format
2650,User1650,invalid-email,Invalid email format
2660,User1660,invalid-email,Invalid email format
,User1665,user1665@gmail.com,EmpId is missing
2670,User1670,invalid-email,Invalid email format
2680,User1680,invalid-email,Invalid email format
2690,User1690,invalid-email,Invalid email format
,User1695,user1695@gmail.com,EmpId is missing
2700,User1700,invalid-email,Invalid email format
2710,User1710,invalid-email,Invalid email format
2720,User1720,invalid-email,Invalid email format
,User1725,user1725@gmail.com,EmpId is missing
2730,User1730,invalid-email,Invalid email format
2740,User1740,invalid-email,Invalid email format
2750,User1750,invalid-email,Invalid email format
,User1755,user1755@gmail.com,EmpId is missing
2760,User1760,invalid-email,Invalid email format
2770,User1770,invalid-email,Invalid email format
2780,User1780,invalid-email,Invalid email format
,User1785,user1785@gmail.com,EmpId is missing
2790,User1790,invalid-email,Invalid email format
2800,User1800,invalid-email,Invalid email format
2810,User1810,invalid-email,Invalid email format
,User1815,user1815@gmail.com,EmpId is missing
2820,User1820,invalid-email,Invalid email format
2830,User1830,invalid-email,Invalid email format
2840,User1840,invalid-email,Invalid email format
,User1845,user1845@gmail.com,EmpId is missing
2850,User1850,invalid-email,Invalid email format
2860,User1860,invalid-email,Invalid email format
2870,User1870,invalid-email,Invalid email format
,User1875,user1875@gmail.com,EmpId is missing
2880,User1880,invalid-email,Invalid email format
2890,User1890,invalid-email,Invalid email format
2900,User1900,invalid-email,Invalid email format
,User1905,user1905@gmail.com,EmpId is missing
2910,User1910,invalid-email,Invalid email format
2920,User1920,invalid-email,Invalid email format
2930,User1930,invalid-email,Invalid email format
,User1935,user1935@gmail.com,EmpId is missing
2940,User1940,invalid-email,Invalid email format
2950,User1950,invalid-email,Invalid email format
2960,User1960,invalid-email,Invalid email format
,User1965,user1965@gmail.com,EmpId is missing
2970,User1970,invalid-email,Invalid email format
2980,User1980,invalid-email,Invalid email format
2990,User1990,invalid-email,Invalid email format
,User1995,user1995@gmail.com,EmpId is missing
3000,User2000,invalid-email,Invalid email format
3010,User2010,invalid-email,Invalid email format
3020,User2020,invalid-email,Invalid email format
,User2025,user2025@gmail.com,EmpId is missing
3030,User2030,invalid-email,Invalid email format
3040,User2040,invalid-email,Invalid email format
3050,User2050,invalid-email,Invalid email format
,User2055,user2055@gmail.com,EmpId is missing
3060,User2060,invalid-email,Invalid email format
3070,User2070,invalid-email,Invalid email format
3080,User2080,invalid-email,Invalid email format
,User2085,user2085@gmail.com,EmpId is missing
3090,User2090,invalid-email,Invalid email format
3100,User2100,invalid-email,Invalid email format
3110,User2110,invalid-email,Invalid email format
,User2115,user2115@gmail.com,EmpId is missing
3120,User2120,invalid-email,Invalid email format
3130,User2130,invalid-email,Invalid email format
3140,User2140,invalid-email,Invalid email format
,User2145,user2145@gmail.com,EmpId is missing
3150,User2150,invalid-email,Invalid email format
3160,User2160,invalid-email,Invalid email format
3170,User2170,invalid-email,Invalid email format
,User2175,user2175@gmail.com,EmpId is missing
3180,User2180,invalid-email,Invalid email format
3190,User2190,invalid-email,Invalid email format
3200,User2200,invalid-email,Invalid email format
,User2205,user2205@gmail.com,EmpId is missing
3210,User2210,invalid-email,Invalid email format
3220,User2220,invalid-email,Invalid email format
3230,User2230,invalid-email,Invalid email format
,User2235,user2235@gmail.com,EmpId is missing
3240,User2240,invalid-email,Invalid email format
3250,User2250,invalid-email,Invalid email format
3260,User2260,invalid-email,Invalid email format
,User2265,user2265@gmail.com,EmpId is missing
3270,User2270,invalid-email,Invalid email format
3280,User2280,invalid-email,Invalid email format
3290,User2290,invalid-email,Invalid email format
,User2295,user2295@gmail.com,EmpId is missing
3300,User2300,invalid-email,Invalid email format
3310,User2310,invalid-email,Invalid email format
3320,User2320,invalid-email,Invalid email format
,User2325,user2325@gmail.com,EmpId is missing
3330,User2330,invalid-email,Invalid email format
3340,User2340,invalid-email,Invalid email format
3350,User2350,invalid-email,Invalid email format
,User2355,user2355@gmail.com,EmpId is missing
3360,User2360,invalid-email,Invalid email format
3370,User2370,invalid-email,Invalid email format
3380,User2380,invalid-email,Invalid email format
,User2385,user2385@gmail.com,EmpId is missing
3390,User2390,invalid-email,Invalid email format
3400,User2400,invalid-email,Invalid email format
3410,User2410,invalid-email,Invalid email format
,User2415,user2415@gmail.com,EmpId is missing
3420,User2420,invalid-email,Invalid email format
3430,User2430,invalid-email,Invalid email format
3440,User2440,invalid-email,Invalid email format
,User2445,user2445@gmail.com,EmpId is missing
3450,User2450,invalid-email,Invalid email format
3460,User2460,invalid-email,Invalid email format
3470,User2470,invalid-email,Invalid email format
,User2475,user2475@gmail.com,EmpId is missing
3480,User2480,invalid-email,Invalid email format
3490,User2490,invalid-email,Invalid email format
3500,User2500,invalid-email,Invalid email format
,User2505,user2505@gmail.com,EmpId is missing
3510,User2510,invalid-email,Invalid email format
3520,User2520,invalid-email,Invalid email format
3530,User2530,invalid-email,Invalid email format
,User2535,user2535@gmail.com,EmpId is missing
3540,User2540,invalid-email,Invalid email format
3550,User2550,invalid-email,Invalid email format
3560,User2560,invalid-email,Invalid email format
,User2565,user2565@gmail.com,EmpId is missing
3570,User2570,invalid-email,Invalid email format
3580,User2580,invalid-email,Invalid email format
3590,User2590,invalid-email,Invalid email format
,User2595,user2595@gmail.com,EmpId is missing
3600,User2600,invalid-email,Invalid email format
3610,User2610,invalid-email,Invalid email format
3620,User2620,invalid-email,Invalid email format
,User2625,user2625@gmail.com,EmpId is missing
3630,User2630,invalid-email,Invalid email format
3640,User2640,invalid-email,Invalid email format
3650,User2650,invalid-email,Invalid email format
,User2655,user2655@gmail.com,EmpId is missing
3660,User2660,invalid-email,Invalid email format
3670,User2670,invalid-email,Invalid email format
3680,User2680,invalid-email,Invalid email format
,User2685,user2685@gmail.com,EmpId is missing
3690,User2690,invalid-email,Invalid email format
3700,User2700,invalid-email,Invalid email format
3710,User2710,invalid-email,Invalid email format
,User2715,user2715@gmail.com,EmpId is missing
3720,User2720,invalid-email,Invalid email format
3730,User2730,invalid-email,Invalid email format
3740,User2740,invalid-email,Invalid email format
,User2745,user2745@gmail.com,EmpId is missing
3750,User2750,invalid-email,Invalid email format
3760,User2760,invalid-email,Invalid email format
3770,User2770,invalid-email,Invalid email format
,User2775,user2775@gmail.com,EmpId is missing
3780,User2780,invalid-email,Invalid email format
3790,User2790,invalid-email,Invalid email format
3800,User2800,invalid-email,Invalid email format
,User2805,user2805@gmail.com,EmpId is missing
3810,User2810,invalid-email,Invalid email format
3820,User2820,invalid-email,Invalid email format
3830,User2830,invalid-email,Invalid email format
,User2835,user2835@gmail.com,EmpId is missing
3840,User2840,invalid-email,Invalid email format
3850,User2850,invalid-email,Invalid email format
3860,User2860,invalid-email,Invalid email format
,User2865,user2865@gmail.com,EmpId is missing
3870,User2870,invalid-email,Invalid email format
3880,User2880,invalid-email,Invalid email format
3890,User2890,invalid-email,Invalid email format
,User2895,user2895@gmail.com,EmpId is missing
3900,User2900,invalid-email,Invalid email format
3910,User2910,invalid-email,Invalid email format
3920,User2920,invalid-email,Invalid email format
,User2925,user2925@gmail.com,EmpId is missing
3930,User2930,invalid-email,Invalid email format
3940,User2940,invalid-email,Invalid email format
3950,User2950,invalid-email,Invalid email format
,User2955,user2955@gmail.com,EmpId is missing
3960,User2960,invalid-email,Invalid email format
3970,User2970,invalid-email,Invalid email format
3980,User2980,invalid-email,Invalid email format
,User2985,user2985@gmail.com,EmpId is missing
3990,User2990,invalid-email,Invalid email format
4000,User3000,invalid-email,Invalid email format
4010,User3010,invalid-email,Invalid email format
,User3015,user3015@gmail.com,EmpId is missing
4020,User3020,invalid-email,Invalid email format
4030,User3030,invalid-email,Invalid email format
4040,User3040,invalid-email,Invalid email format
,User3045,user3045@gmail.com,EmpId is missing
4050,User3050,invalid-email,Invalid email format
4060,User3060,invalid-email,Invalid email format
4070,User3070,invalid-email,Invalid email format
,User3075,user3075@gmail.com,EmpId is missing
4080,User3080,invalid-email,Invalid email format
4090,User3090,invalid-email,Invalid email format
4100,User3100,invalid-email,Invalid email format
,User3105,user3105@gmail.com,EmpId is missing
4110,User3110,invalid-email,Invalid email format
4120,User3120,invalid-email,Invalid email format
4130,User3130,invalid-email,Invalid email format
,User3135,user3135@gmail.com,EmpId is missing
4140,User3140,invalid-email,Invalid email format
4150,User3150,invalid-email,Invalid email format
4160,User3160,invalid-email,Invalid email format
,User3165,user3165@gmail.com,EmpId is missing
4170,User3170,invalid-email,Invalid email format
4180,User3180,invalid-email,Invalid email format
4190,User3190,invalid-email,Invalid email format
,User3195,user3195@gmail.com,EmpId is missing
4200,User3200,invalid-email,Invalid email format
4210,User3210,invalid-email,Invalid email format
4220,User3220,invalid-email,Invalid email format
,User3225,user3225@gmail.com,EmpId is missing
4230,User3230,invalid-email,Invalid email format
4240,User3240,invalid-email,Invalid email format
4250,User3250,invalid-email,Invalid email format
,User3255,user3255@gmail.com,EmpId is missing
4260,User3260,invalid-email,Invalid email format
4270,User3270,invalid-email,Invalid email format
4280,User3280,invalid-email,Invalid email format
,User3285,user3285@gmail.com,EmpId is missing
4290,User3290,invalid-email,Invalid email format
4300,User3300,invalid-email,Invalid email format
4310,User3310,invalid-email,Invalid email format
,User3315,user3315@gmail.com,EmpId is missing
4320,User3320,invalid-email,Invalid email format
4330,User3330,invalid-email,Invalid email format
4340,User3340,invalid-email,Invalid email format
,User3345,user3345@gmail.com,EmpId is missing
4350,User3350,invalid-email,Invalid email format
4360,User3360,invalid-email,Invalid email format
4370,User3370,invalid-email,Invalid email format
,User3375,user3375@gmail.com,EmpId is missing
4380,User3380,invalid-email,Invalid email format
4390,User3390,invalid-email,Invalid email format
4400,User3400,invalid-email,Invalid email format
,User3405,user3405@gmail.com,EmpId is missing
4410,User3410,invalid-email,Invalid email format
4420,User3420,invalid-email,Invalid email format
4430,User3430,invalid-email,Invalid email format
,User3435,user3435@gmail.com,EmpId is missing
4440,User3440,invalid-email,Invalid email format
4450,User3450,invalid-email,Invalid email format
4460,User3460,invalid-email,Invalid email format
,User3465,user3465@gmail.com,EmpId is missing
4470,User3470,invalid-email,Invalid email format
4480,User3480,invalid-email,Invalid email format
4490,User3490,invalid-email,Invalid email format
,User3495,user3495@gmail.com,EmpId is missing
4500,User3500,invalid-email,Invalid email format
4510,User3510,invalid-email,Invalid email format
4520,User3520,invalid-email,Invalid email format
,User3525,user3525@gmail.com,EmpId is missing
4530,User3530,invalid-email,Invalid email format
4540,User3540,invalid-email,Invalid email format
4550,User3550,invalid-email,Invalid email format
,User3555,user3555@gmail.com,EmpId is missing
4560,User3560,invalid-email,Invalid email format
4570,User3570,invalid-email,Invalid email format
4580,User3580,invalid-email,Invalid email format
,User3585,user3585@gmail.com,EmpId is missing
4590,User3590,invalid-email,Invalid email format
4600,User3600,invalid-email,Invalid email format
4610,User3610,invalid-email,Invalid email format
,User3615,user3615@gmail.com,EmpId is missing
4620,User3620,invalid-email,Invalid email format
4630,User3630,invalid-email,Invalid email format
4640,User3640,invalid-email,Invalid email format
,User3645,user3645@gmail.com,EmpId is missing
4650,User3650,invalid-email,Invalid email format
4660,User3660,invalid-email,Invalid email format
4670,User3670,invalid-email,Invalid email format
,User3675,user3675@gmail.com,EmpId is missing
4680,User3680,invalid-email,Invalid email format
4690,User3690,invalid-email,Invalid email format
4700,User3700,invalid-email,Invalid email format
,User3705,user3705@gmail.com,EmpId is missing
4710,User3710,invalid-email,Invalid email format
4720,User3720,invalid-email,Invalid email format
4730,User3730,invalid-email,Invalid email format
,User3735,user3735@gmail.com,EmpId is missing
4740,User3740,invalid-email,Invalid email format
4750,User3750,invalid-email,Invalid email format
4760,User3760,invalid-email,Invalid email format
,User3765,user3765@gmail.com,EmpId is missing
4770,User3770,invalid-email,Invalid email format
4780,User3780,invalid-email,Invalid email format
4790,User3790,invalid-email,Invalid email format
,User3795,user3795@gmail.com,EmpId is missing
4800,User3800,invalid-email,Invalid email format
4810,User3810,invalid-email,Invalid email format
4820,User3820,invalid-email,Invalid email format
,User3825,user3825@gmail.com,EmpId is missing
4830,User3830,invalid-email,Invalid email format
4840,User3840,invalid-email,Invalid email format
4850,User3850,invalid-email,Invalid email format
,User3855,user3855@gmail.com,EmpId is missing
4860,User3860,invalid-email,Invalid email format
4870,User3870,invalid-email,Invalid email format
4880,User3880,invalid-email,Invalid email format
,User3885,user3885@gmail.com,EmpId is missing
4890,User3890,invalid-email,Invalid email format
4900,User3900,invalid-email,Invalid email format
4910,User3910,invalid-email,Invalid email format
,User3915,user3915@gmail.com,EmpId is missing
4920,User3920,invalid-email,Invalid email format
4930,User3930,invalid-email,Invalid email format
4940,User3940,invalid-email,Invalid email format
,User3945,user3945@gmail.com,EmpId is missing
4950,User3950,invalid-email,Invalid email format
4960,User3960,invalid-email,Invalid email format
4970,User3970,invalid-email,Invalid email format
,User3975,user3975@gmail.com,EmpId is missing
4980,User3980,invalid-email,Invalid email format
4990,User3990,invalid-email,Invalid email format
5000,User4000,invalid-email,Invalid email format
,User4005,user4005@gmail.com,EmpId is missing
5010,User4010,invalid-email,Invalid email format
5020,User4020,invalid-email,Invalid email format
5030,User4030,invalid-email,Invalid email format
,User4035,user4035@gmail.com,EmpId is missing
5040,User4040,invalid-email,Invalid email format
5050,User4050,invalid-email,Invalid email format
5060,User4060,invalid-email,Invalid email format
,User4065,user4065@gmail.com,EmpId is missing
5070,User4070,invalid-email,Invalid email format
5080,User4080,invalid-email,Invalid email format
5090,User4090,invalid-email,Invalid email format
,User4095,user4095@gmail.com,EmpId is missing
5100,User4100,invalid-email,Invalid email format
5110,User4110,invalid-email,Invalid email format
5120,User4120,invalid-email,Invalid email format
,User4125,user4125@gmail.com,EmpId is missing
5130,User4130,invalid-email,Invalid email format
5140,User4140,invalid-email,Invalid email format
5150,User4150,invalid-email,Invalid email format
,User4155,user4155@gmail.com,EmpId is missing
5160,User4160,invalid-email,Invalid email format
5170,User4170,invalid-email,Invalid email format
5180,User4180,invalid-email,Invalid email format
,User4185,user4185@gmail.com,EmpId is missing
5190,User4190,invalid-email,Invalid email format
5200,User4200,invalid-email,Invalid email format
5210,User4210,invalid-email,Invalid email format
,User4215,user4215@gmail.com,EmpId is missing
5220,User4220,invalid-email,Invalid email format
5230,User4230,invalid-email,Invalid email format
5240,User4240,invalid-email,Invalid email format
,User4245,user4245@gmail.com,EmpId is missing
5250,User4250,invalid-email,Invalid email format
5260,User4260,invalid-email,Invalid email format
5270,User4270,invalid-email,Invalid email format
,User4275,user4275@gmail.com,EmpId is missing
5280,User4280,invalid-email,Invalid email format
5290,User4290,invalid-email,Invalid email format
5300,User4300,invalid-email,Invalid email format
,User4305,user4305@gmail.com,EmpId is missing
5310,User4310,invalid-email,Invalid email format
5320,User4320,invalid-email,Invalid email format
5330,User4330,invalid-email,Invalid email format
,User4335,user4335@gmail.com,EmpId is missing
5340,User4340,invalid-email,Invalid email format
5350,User4350,invalid-email,Invalid email format
5360,User4360,invalid-email,Invalid email format
,User4365,user4365@gmail.com,EmpId is missing
5370,User4370,invalid-email,Invalid email format
5380,User4380,invalid-email,Invalid email format
5390,User4390,invalid-email,Invalid email format
,User4395,user4395@gmail.com,EmpId is missing
5400,User4400,invalid-email,Invalid email format
5410,User4410,invalid-email,Invalid email format
5420,User4420,invalid-email,Invalid email format
,User4425,user4425@gmail.com,EmpId is missing
5430,User4430,invalid-email,Invalid email format
5440,User4440,invalid-email,Invalid email format
5450,User4450,invalid-email,Invalid email format
,User4455,user4455@gmail.com,EmpId is missing
5460,User4460,invalid-email,Invalid email format
5470,User4470,invalid-email,Invalid email format
5480,User4480,invalid-email,Invalid email format
,User4485,user4485@gmail.com,EmpId is missing
5490,User4490,invalid-email,Invalid email format
5500,User4500,invalid-email,Invalid email format
5510,User4510,invalid-email,Invalid email format
,User4515,user4515@gmail.com,EmpId is missing
5520,User4520,invalid-email,Invalid email format
5530,User4530,invalid-email,Invalid email format
5540,User4540,invalid-email,Invalid email format
,User4545,user4545@gmail.com,EmpId is missing
5550,User4550,invalid-email,Invalid email format
5560,User4560,invalid-email,Invalid email format
5570,User4570,invalid-email,Invalid email format
,User4575,user4575@gmail.com,EmpId is missing
5580,User4580,invalid-email,Invalid email format
5590,User4590,invalid-email,Invalid email format
5600,User4600,invalid-email,Invalid email format
,User4605,user4605@gmail.com,EmpId is missing
5610,User4610,invalid-email,Invalid email format
5620,User4620,invalid-email,Invalid email format
5630,User4630,invalid-email,Invalid email format
,User4635,user4635@gmail.com,EmpId is missing
5640,User4640,invalid-email,Invalid email format
5650,User4650,invalid-email,Invalid email format
5660,User4660,invalid-email,Invalid email format
,User4665,user4665@gmail.com,EmpId is missing
5670,User4670,invalid-email,Invalid email format
5680,User4680,invalid-email,Invalid email format
5690,User4690,invalid-email,Invalid email format
,User4695,user4695@gmail.com,EmpId is missing
5700,User4700,invalid-email,Invalid email format
5710,User4710,invalid-email,Invalid email format
5720,User4720,invalid-email,Invalid email format
,User4725,user4725@gmail.com,EmpId is missing
5730,User4730,invalid-email,Invalid email format
5740,User4740,invalid-email,Invalid email format
5750,User4750,invalid-email,Invalid email format
,User4755,user4755@gmail.com,EmpId is missing
5760,User4760,invalid-email,Invalid email format
5770,User4770,invalid-email,Invalid email format
5780,User4780,invalid-email,Invalid email format
,User4785,user4785@gmail.com,EmpId is missing
5790,User4790,invalid-email,Invalid email format
5800,User4800,invalid-email,Invalid email format
5810,User4810,invalid-email,Invalid email format
,User4815,user4815@gmail.com,EmpId is missing
5820,User4820,invalid-email,Invalid email format
5830,User4830,invalid-email,Invalid email format
5840,User4840,invalid-email,Invalid email format
,User4845,user4845@gmail.com,EmpId is missing
5850,User4850,invalid-email,Invalid email format
5860,User4860,invalid-email,Invalid email format
5870,User4870,invalid-email,Invalid email format
,User4875,user4875@gmail.com,EmpId is missing
5880,User4880,invalid-email,Invalid email format
5890,User4890,invalid-email,Invalid email format
5900,User4900,invalid-email,Invalid email format
,User4905,user4905@gmail.com,EmpId is missing
5910,User4910,invalid-email,Invalid email format
5920,User4920,invalid-email,Invalid email format
5930,User4930,invalid-email,Invalid email format
,User4935,user4935@gmail.com,EmpId is missing
5940,User4940,invalid-email,Invalid email format
5950,User4950,invalid-email,Invalid email format
5960,User4960,invalid-email,Invalid email format
,User4965,user4965@gmail.com,EmpId is missing
5970,User4970,invalid-email,Invalid email format
5980,User4980,invalid-email,Invalid email format
5990,User4990,invalid-email,Invalid email format
,User4995,user4995@gmail.com,EmpId is missing
6000,User5000,invalid-email,Invalid email format
6010,User5010,invalid-email,Invalid email format
6020,User5020,invalid-email,Invalid email format
,User5025,user5025@gmail.com,EmpId is missing
6030,User5030,invalid-email,Invalid email format
6040,User5040,invalid-email,Invalid email format
6050,User5050,invalid-email,Invalid email format
,User5055,user5055@gmail.com,EmpId is missing
6060,User5060,invalid-email,Invalid email format
6070,User5070,invalid-email,Invalid email format
6080,User5080,invalid-email,Invalid email format
,User5085,user5085@gmail.com,EmpId is missing
6090,User5090,invalid-email,Invalid email format
6100,User5100,invalid-email,Invalid email format
6110,User5110,invalid-email,Invalid email format
,User5115,user5115@gmail.com,EmpId is missing
6120,User5120,invalid-email,Invalid email format
6130,User5130,invalid-email,Invalid email format
6140,User5140,invalid-email,Invalid email format
,User5145,user5145@gmail.com,EmpId is missing
6150,User5150,invalid-email,Invalid email format
6160,User5160,invalid-email,Invalid email format
6170,User5170,invalid-email,Invalid email format
,User5175,user5175@gmail.com,EmpId is missing
6180,User5180,invalid-email,Invalid email format
6190,User5190,invalid-email,Invalid email format
6200,User5200,invalid-email,Invalid email format
,User5205,user5205@gmail.com,EmpId is missing
6210,User5210,invalid-email,Invalid email format
6220,User5220,invalid-email,Invalid email format
6230,User5230,invalid-email,Invalid email format
,User5235,user5235@gmail.com,EmpId is missing
6240,User5240,invalid-email,Invalid email format
6250,User5250,invalid-email,Invalid email format
6260,User5260,invalid-email,Invalid email format
,User5265,user5265@gmail.com,EmpId is missing
6270,User5270,invalid-email,Invalid email format
6280,User5280,invalid-email,Invalid email format
6290,User5290,invalid-email,Invalid email format
,User5295,user5295@gmail.com,EmpId is missing
6300,User5300,invalid-email,Invalid email format
6310,User5310,invalid-email,Invalid email format
6320,User5320,invalid-email,Invalid email format
,User5325,user5325@gmail.com,EmpId is missing
6330,User5330,invalid-email,Invalid email format
6340,User5340,invalid-email,Invalid email format
6350,User5350,invalid-email,Invalid email format
,User5355,user5355@gmail.com,EmpId is missing
6360,User5360,invalid-email,Invalid email format
6370,User5370,invalid-email,Invalid email format
6380,User5380,invalid-email,Invalid email format
,User5385,user5385@gmail.com,EmpId is missing
6390,User5390,invalid-email,Invalid email format
6400,User5400,invalid-email,Invalid email format
6410,User5410,invalid-email,Invalid email format
,User5415,user5415@gmail.com,EmpId is missing
6420,User5420,invalid-email,Invalid email format
6430,User5430,invalid-email,Invalid email format
6440,User5440,invalid-email,Invalid email format
,User5445,user5445@gmail.com,EmpId is missing
6450,User5450,invalid-email,Invalid email format
6460,User5460,invalid-email,Invalid email format
6470,User5470,invalid-email,Invalid email format
,User5475,user5475@gmail.com,EmpId is missing
6480,User5480,invalid-email,Invalid email format
6490,User5490,invalid-email,Invalid email format
6500,User5500,invalid-email,Invalid email format
,User5505,user5505@gmail.com,EmpId is missing
6510,User5510,invalid-email,Invalid email format
6520,User5520,invalid-email,Invalid email format
6530,User5530,invalid-email,Invalid email format
,User5535,user5535@gmail.com,EmpId is missing
6540,User5540,invalid-email,Invalid email format
6550,User5550,invalid-email,Invalid email format
6560,User5560,invalid-email,Invalid email format
,User5565,user5565@gmail.com,EmpId is missing
6570,User5570,invalid-email,Invalid email format
6580,User5580,invalid-email,Invalid email format
6590,User5590,invalid-email,Invalid email format
,User5595,user5595@gmail.com,EmpId is missing
6600,User5600,invalid-email,Invalid email format
6610,User5610,invalid-email,Invalid email format
6620,User5620,invalid-email,Invalid email format
,User5625,user5625@gmail.com,EmpId is missing
6630,User5630,invalid-email,Invalid email format
6640,User5640,invalid-email,Invalid email format
6650,User5650,invalid-email,Invalid email format
,User5655,user5655@gmail.com,EmpId is missing
6660,User5660,invalid-email,Invalid email format
6670,User5670,invalid-email,Invalid email format
6680,User5680,invalid-email,Invalid email format
,User5685,user5685@gmail.com,EmpId is missing
6690,User5690,invalid-email,Invalid email format
6700,User5700,invalid-email,Invalid email format
6710,User5710,invalid-email,Invalid email format
,User5715,user5715@gmail.com,EmpId is missing
6720,User5720,invalid-email,Invalid email format
6730,User5730,invalid-email,Invalid email format
6740,User5740,invalid-email,Invalid email format
,User5745,user5745@gmail.com,EmpId is missing
6750,User5750,invalid-email,Invalid email format
6760,User5760,invalid-email,Invalid email format
6770,User5770,invalid-email,Invalid email format
,User5775,user5775@gmail.com,EmpId is missing
6780,User5780,invalid-email,Invalid email format
6790,User5790,invalid-email,Invalid email format
6800,User5800,invalid-email,Invalid email format
,User5805,user5805@gmail.com,EmpId is missing
6810,User5810,invalid-email,Invalid email format
6820,User5820,invalid-email,Invalid email format
6830,User5830,invalid-email,Invalid email format
,User5835,user5835@gmail.com,EmpId is missing
6840,User5840,invalid-email,Invalid email format
6850,User5850,invalid-email,Invalid email format
6860,User5860,invalid-email,Invalid email format
,User5865,user5865@gmail.com,EmpId is missing
6870,User5870,invalid-email,Invalid email format
6880,User5880,invalid-email,Invalid email format
6890,User5890,invalid-email,Invalid email format
,User5895,user5895@gmail.com,EmpId is missing
6900,User5900,invalid-email,Invalid email format
6910,User5910,invalid-email,Invalid email format
6920,User5920,invalid-email,Invalid email format
,User5925,user5925@gmail.com,EmpId is missing
6930,User5930,invalid-email,Invalid email format
6940,User5940,invalid-email,Invalid email format
6950,User5950,invalid-email,Invalid email format
,User5955,user5955@gmail.com,EmpId is missing
6960,User5960,invalid-email,Invalid email format
6970,User5970,invalid-email,Invalid email format
6980,User5980,invalid-email,Invalid email format
,User5985,user5985@gmail.com,EmpId is missing
6990,User5990,invalid-email,Invalid email format
7000,User6000,invalid-email,Invalid email format
7010,User6010,invalid-email,Invalid email format
,User6015,user6015@gmail.com,EmpId is missing
7020,User6020,invalid-email,Invalid email format
7030,User6030,invalid-email,Invalid email format
7040,User6040,invalid-email,Invalid email format
,User6045,user6045@gmail.com,EmpId is missing
7050,User6050,invalid-email,Invalid email format
7060,User6060,invalid-email,Invalid email format
7070,User6070,invalid-email,Invalid email format
,User6075,user6075@gmail.com,EmpId is missing
7080,User6080,invalid-email,Invalid email format
7090,User6090,invalid-email,Invalid email format
7100,User6100,invalid-email,Invalid email format
,User6105,user6105@gmail.com,EmpId is missing
7110,User6110,invalid-email,Invalid email format
7120,User6120,invalid-email,Invalid email format
7130,User6130,invalid-email,Invalid email format
,User6135,user6135@gmail.com,EmpId is missing
7140,User6140,invalid-email,Invalid email format
7150,User6150,invalid-email,Invalid email format
7160,User6160,invalid-email,Invalid email format
,User6165,user6165@gmail.com,EmpId is missing
7170,User6170,invalid-email,Invalid email format
7180,User6180,invalid-email,Invalid email format
7190,User6190,invalid-email,Invalid email format
,User6195,user6195@gmail.com,EmpId is missing
7200,User6200,invalid-email,Invalid email format
7210,User6210,invalid-email,Invalid email format
7220,User6220,invalid-email,Invalid email format
,User6225,user6225@gmail.com,EmpId is missing
7230,User6230,invalid-email,Invalid email format
7240,User6240,invalid-email,Invalid email format
7250,User6250,invalid-email,Invalid email format
,User6255,user6255@gmail.com,EmpId is missing
7260,User6260,invalid-email,Invalid email format
7270,User6270,invalid-email,Invalid email format
7280,User6280,invalid-email,Invalid email format
,User6285,user6285@gmail.com,EmpId is missing
7290,User6290,invalid-email,Invalid email format
7300,User6300,invalid-email,Invalid email format
7310,User6310,invalid-email,Invalid email format
,User6315,user6315@gmail.com,EmpId is missing
7320,User6320,invalid-email,Invalid email format
7330,User6330,invalid-email,Invalid email format
7340,User6340,invalid-email,Invalid email format
,User6345,user6345@gmail.com,EmpId is missing
7350,User6350,invalid-email,Invalid email format
7360,User6360,invalid-email,Invalid email format
7370,User6370,invalid-email,Invalid email format
,User6375,user6375@gmail.com,EmpId is missing
7380,User6380,invalid-email,Invalid email format
7390,User6390,invalid-email,Invalid email format
7400,User6400,invalid-email,Invalid email format
,User6405,user6405@gmail.com,EmpId is missing
7410,User6410,invalid-email,Invalid email format
7420,User6420,invalid-email,Invalid email format
7430,User6430,invalid-email,Invalid email format
,User6435,user6435@gmail.com,EmpId is missing
7440,User6440,invalid-email,Invalid email format
7450,User6450,invalid-email,Invalid email format
7460,User6460,invalid-email,Invalid email format
,User6465,user6465@gmail.com,EmpId is missing
7470,User6470,invalid-email,Invalid email format
7480,User6480,invalid-email,Invalid email format
7490,User6490,invalid-email,Invalid email format
,User6495,user6495@gmail.com,EmpId is missing
7500,User6500,invalid-email,Invalid email format
7510,User6510,invalid-email,Invalid email format
7520,User6520,invalid-email,Invalid email format
,User6525,user6525@gmail.com,EmpId is missing
7530,User6530,invalid-email,Invalid email format
7540,User6540,invalid-email,Invalid email format
7550,User6550,invalid-email,Invalid email format
,User6555,user6555@gmail.com,EmpId is missing
7560,User6560,invalid-email,Invalid email format
7570,User6570,invalid-email,Invalid email format
7580,User6580,invalid-email,Invalid email format
,User6585,user6585@gmail.com,EmpId is missing
7590,User6590,invalid-email,Invalid email format
7600,User6600,invalid-email,Invalid email format
7610,User6610,invalid-email,Invalid email format
,User6615,user6615@gmail.com,EmpId is missing
7620,User6620,invalid-email,Invalid email format
7630,User6630,invalid-email,Invalid email format
7640,User6640,invalid-email,Invalid email format
,User6645,user6645@gmail.com,EmpId is missing
7650,User6650,invalid-email,Invalid email format
7660,User6660,invalid-email,Invalid email format
7670,User6670,invalid-email,Invalid email format
,User6675,user6675@gmail.com,EmpId is missing
7680,User6680,invalid-email,Invalid email format
7690,User6690,invalid-email,Invalid email format
7700,User6700,invalid-email,Invalid email format
,User6705,user6705@gmail.com,EmpId is missing
7710,User6710,invalid-email,Invalid email format
7720,User6720,invalid-email,Invalid email format
7730,User6730,invalid-email,Invalid email format
,User6735,user6735@gmail.com,EmpId is missing
7740,User6740,invalid-email,Invalid email format
7750,User6750,invalid-email,Invalid email format
7760,User6760,invalid-email,Invalid email format
,User6765,user6765@gmail.com,EmpId is missing
7770,User6770,invalid-email,Invalid email format
7780,User6780,invalid-email,Invalid email format
7790,User6790,invalid-email,Invalid email format
,User6795,user6795@gmail.com,EmpId is missing
7800,User6800,invalid-email,Invalid email format
7810,User6810,invalid-email,Invalid email format
7820,User6820,invalid-email,Invalid email format
,User6825,user6825@gmail.com,EmpId is missing
7830,User6830,invalid-email,Invalid email format
7840,User6840,invalid-email,Invalid email format
7850,User6850,invalid-email,Invalid email format
,User6855,user6855@gmail.com,EmpId is missing
7860,User6860,invalid-email,Invalid email format
7870,User6870,invalid-email,Invalid email format
7880,User6880,invalid-email,Invalid email format
,User6885,user6885@gmail.com,EmpId is missing
7890,User6890,invalid-email,Invalid email format
7900,User6900,invalid-email,Invalid email format
7910,User6910,invalid-email,Invalid email format
,User6915,user6915@gmail.com,EmpId is missing
7920,User6920,invalid-email,Invalid email format
7930,User6930,invalid-email,Invalid email format
7940,User6940,invalid-email,Invalid email format
,User6945,user6945@gmail.com,EmpId is missing
7950,User6950,invalid-email,Invalid email format
7960,User6960,invalid-email,Invalid email format
7970,User6970,invalid-email,Invalid email format
,User6975,user6975@gmail.com,EmpId is missing
7980,User6980,invalid-email,Invalid email format
7990,User6990,invalid-email,Invalid email format
8000,User7000,invalid-email,Invalid email format
,User7005,user7005@gmail.com,EmpId is missing
8010,User7010,invalid-email,Invalid email format
8020,User7020,invalid-email,Invalid email format
8030,User7030,invalid-email,Invalid email format
,User7035,user7035@gmail.com,EmpId is missing
8040,User7040,invalid-email,Invalid email format
8050,User7050,invalid-email,Invalid email format
8060,User7060,invalid-email,Invalid email format
,User7065,user7065@gmail.com,EmpId is missing
8070,User7070,invalid-email,Invalid email format
8080,User7080,invalid-email,Invalid email format
8090,User7090,invalid-email,Invalid email format
,User7095,user7095@gmail.com,EmpId is missing
8100,User7100,invalid-email,Invalid email format
8110,User7110,invalid-email,Invalid email format
8120,User7120,invalid-email,Invalid email format
,User7125,user7125@gmail.com,EmpId is missing
8130,User7130,invalid-email,Invalid email format
8140,User7140,invalid-email,Invalid email format
8150,User7150,invalid-email,Invalid email format
,User7155,user7155@gmail.com,EmpId is missing
8160,User7160,invalid-email,Invalid email format
8170,User7170,invalid-email,Invalid email format
8180,User7180,invalid-email,Invalid email format
,User7185,user7185@gmail.com,EmpId is missing
8190,User7190,invalid-email,Invalid email format
8200,User7200,invalid-email,Invalid email format
8210,User7210,invalid-email,Invalid email format
,User7215,user7215@gmail.com,EmpId is missing
8220,User7220,invalid-email,Invalid email format
8230,User7230,invalid-email,Invalid email format
8240,User7240,invalid-email,Invalid email format
,User7245,user7245@gmail.com,EmpId is missing
8250,User7250,invalid-email,Invalid email format
8260,User7260,invalid-email,Invalid email format
8270,User7270,invalid-email,Invalid email format
,User7275,user7275@gmail.com,EmpId is missing
8280,User7280,invalid-email,Invalid email format
8290,User7290,invalid-email,Invalid email format
8300,User7300,invalid-email,Invalid email format
,User7305,user7305@gmail.com,EmpId is missing
8310,User7310,invalid-email,Invalid email format
8320,User7320,invalid-email,Invalid email format
8330,User7330,invalid-email,Invalid email format
,User7335,user7335@gmail.com,EmpId is missing
8340,User7340,invalid-email,Invalid email format
8350,User7350,invalid-email,Invalid email format
8360,User7360,invalid-email,Invalid email format
,User7365,user7365@gmail.com,EmpId is missing
8370,User7370,invalid-email,Invalid email format
8380,User7380,invalid-email,Invalid email format
8390,User7390,invalid-email,Invalid email format
,User7395,user7395@gmail.com,EmpId is missing
8400,User7400,invalid-email,Invalid email format
8410,User7410,invalid-email,Invalid email format
8420,User7420,invalid-email,Invalid email format
,User7425,user7425@gmail.com,EmpId is missing
8430,User7430,invalid-email,Invalid email format
8440,User7440,invalid-email,Invalid email format
8450,User7450,invalid-email,Invalid email format
,User7455,user7455@gmail.com,EmpId is missing
8460,User7460,invalid-email,Invalid email format
8470,User7470,invalid-email,Invalid email format
8480,User7480,invalid-email,Invalid email format
,User7485,user7485@gmail.com,EmpId is missing
8490,User7490,invalid-email,Invalid email format
8500,User7500,invalid-email,Invalid email format
8510,User7510,invalid-email,Invalid email format
,User7515,user7515@gmail.com,EmpId is missing
8520,User7520,invalid-email,Invalid email format
8530,User7530,invalid-email,Invalid email format
8540,User7540,invalid-email,Invalid email format
,User7545,user7545@gmail.com,EmpId is missing
8550,User7550,invalid-email,Invalid email format
8560,User7560,invalid-email,Invalid email format
8570,User7570,invalid-email,Invalid email format
,User7575,user7575@gmail.com,EmpId is missing
8580,User7580,invalid-email,Invalid email format
8590,User7590,invalid-email,Invalid email format
8600,User7600,invalid-email,Invalid email format
,User7605,user7605@gmail.com,EmpId is missing
8610,User7610,invalid-email,Invalid email format
8620,User7620,invalid-email,Invalid email format
8630,User7630,invalid-email,Invalid email format
,User7635,user7635@gmail.com,EmpId is missing
8640,User7640,invalid-email,Invalid email format
8650,User7650,invalid-email,Invalid email format
8660,User7660,invalid-email,Invalid email format
,User7665,user7665@gmail.com,EmpId is missing
8670,User7670,invalid-email,Invalid email format
8680,User7680,invalid-email,Invalid email format
8690,User7690,invalid-email,Invalid email format
,User7695,user7695@gmail.com,EmpId is missing
8700,User7700,invalid-email,Invalid email format
8710,User7710,invalid-email,Invalid email format
8720,User7720,invalid-email,Invalid email format
,User7725,user7725@gmail.com,EmpId is missing
8730,User7730,invalid-email,Invalid email format
8740,User7740,invalid-email,Invalid email format
8750,User7750,invalid-email,Invalid email format
,User7755,user7755@gmail.com,EmpId is missing
8760,User7760,invalid-email,Invalid email format
8770,User7770,invalid-email,Invalid email format
8780,User7780,invalid-email,Invalid email format
,User7785,user7785@gmail.com,EmpId is missing
8790,User7790,invalid-email,Invalid email format
8800,User7800,invalid-email,Invalid email format
8810,User7810,invalid-email,Invalid email format
,User7815,user7815@gmail.com,EmpId is missing
8820,User7820,invalid-email,Invalid email format
8830,User7830,invalid-email,Invalid email format
8840,User7840,invalid-email,Invalid email format
,User7845,user7845@gmail.com,EmpId is missing
8850,User7850,invalid-email,Invalid email format
8860,User7860,invalid-email,Invalid email format
8870,User7870,invalid-email,Invalid email format
,User7875,user7875@gmail.com,EmpId is missing
8880,User7880,invalid-email,Invalid email format
8890,User7890,invalid-email,Invalid email format
8900,User7900,invalid-email,Invalid email format
,User7905,user7905@gmail.com,EmpId is missing
8910,User7910,invalid-email,Invalid email format
8920,User7920,invalid-email,Invalid email format
8930,User7930,invalid-email,Invalid email format
,User7935,user7935@gmail.com,EmpId is missing
8940,User7940,invalid-email,Invalid email format
8950,User7950,invalid-email,Invalid email format
8960,User7960,invalid-email,Invalid email format
,User7965,user7965@gmail.com,EmpId is missing
8970,User7970,invalid-email,Invalid email format
8980,User7980,invalid-email,Invalid email format
8990,User7990,invalid-email,Invalid email format
,User7995,user7995@gmail.com,EmpId is missing
9000,User8000,invalid-email,Invalid email format
9010,User8010,invalid-email,Invalid email format
9020,User8020,invalid-email,Invalid email format
,User8025,user8025@gmail.com,EmpId is missing
9030,User8030,invalid-email,Invalid email format
9040,User8040,invalid-email,Invalid email format
9050,User8050,invalid-email,Invalid email format
,User8055,user8055@gmail.com,EmpId is missing
9060,User8060,invalid-email,Invalid email format
9070,User8070,invalid-email,Invalid email format
9080,User8080,invalid-email,Invalid email format
,User8085,user8085@gmail.com,EmpId is missing
9090,User8090,invalid-email,Invalid email format
9100,User8100,invalid-email,Invalid email format
9110,User8110,invalid-email,Invalid email format
,User8115,user8115@gmail.com,EmpId is missing
9120,User8120,invalid-email,Invalid email format
9130,User8130,invalid-email,Invalid email format
9140,User8140,invalid-email,Invalid email format
,User8145,user8145@gmail.com,EmpId is missing
9150,User8150,invalid-email,Invalid email format
9160,User8160,invalid-email,Invalid email format
9170,User8170,invalid-email,Invalid email format
,User8175,user8175@gmail.com,EmpId is missing
9180,User8180,invalid-email,Invalid email format
9190,User8190,invalid-email,Invalid email format
9200,User8200,invalid-email,Invalid email format
,User8205,user8205@gmail.com,EmpId is missing
9210,User8210,invalid-email,Invalid email format
9220,User8220,invalid-email,Invalid email format
9230,User8230,invalid-email,Invalid email format
,User8235,user8235@gmail.com,EmpId is missing
9240,User8240,invalid-email,Invalid email format
9250,User8250,invalid-email,Invalid email format
9260,User8260,invalid-email,Invalid email format
,User8265,user8265@gmail.com,EmpId is missing
9270,User8270,invalid-email,Invalid email format
9280,User8280,invalid-email,Invalid email format
9290,User8290,invalid-email,Invalid email format
,User8295,user8295@gmail.com,EmpId is missing
9300,User8300,invalid-email,Invalid email format
9310,User8310,invalid-email,Invalid email format
9320,User8320,invalid-email,Invalid email format
,User8325,user8325@gmail.com,EmpId is missing
9330,User8330,invalid-email,Invalid email format
9340,User8340,invalid-email,Invalid email format
9350,User8350,invalid-email,Invalid email format
,User8355,user8355@gmail.com,EmpId is missing
9360,User8360,invalid-email,Invalid email format
9370,User8370,invalid-email,Invalid email format
9380,User8380,invalid-email,Invalid email format
,User8385,user8385@gmail.com,EmpId is missing
9390,User8390,invalid-email,Invalid email format
9400,User8400,invalid-email,Invalid email format
9410,User8410,invalid-email,Invalid email format
,User8415,user8415@gmail.com,EmpId is missing
9420,User8420,invalid-email,Invalid email format
9430,User8430,invalid-email,Invalid email format
9440,User8440,invalid-email,Invalid email format
,User8445,user8445@gmail.com,EmpId is missing
9450,User8450,invalid-email,Invalid email format
9460,User8460,invalid-email,Invalid email format
9470,User8470,invalid-email,Invalid email format
,User8475,user8475@gmail.com,EmpId is missing
9480,User8480,invalid-email,Invalid email format
9490,User8490,invalid-email,Invalid email format
9500,User8500,invalid-email,Invalid email format
,User8505,user8505@gmail.com,EmpId is missing
9510,User8510,invalid-email,Invalid email format
9520,User8520,invalid-email,Invalid email format
9530,User8530,invalid-email,Invalid email format
,User8535,user8535@gmail.com,EmpId is missing
9540,User8540,invalid-email,Invalid email format
9550,User8550,invalid-email,Invalid email format
9560,User8560,invalid-email,Invalid email format
,User8565,user8565@gmail.com,EmpId is missing
9570,User8570,invalid-email,Invalid email format
9580,User8580,invalid-email,Invalid email format
9590,User8590,invalid-email,Invalid email format
,User8595,user8595@gmail.com,EmpId is missing
9600,User8600,invalid-email,Invalid email format
9610,User8610,invalid-email,Invalid email format
9620,User8620,invalid-email,Invalid email format
,User8625,user8625@gmail.com,EmpId is missing
9630,User8630,invalid-email,Invalid email format
9640,User8640,invalid-email,Invalid email format
9650,User8650,invalid-email,Invalid email format
,User8655,user8655@gmail.com,EmpId is missing
9660,User8660,invalid-email,Invalid email format
9670,User8670,invalid-email,Invalid email format
9680,User8680,invalid-email,Invalid email format
,User8685,user8685@gmail.com,EmpId is missing
9690,User8690,invalid-email,Invalid email format
9700,User8700,invalid-email,Invalid email format
9710,User8710,invalid-email,Invalid email format
,User8715,user8715@gmail.com,EmpId is missing
9720,User8720,invalid-email,Invalid email format
9730,User8730,invalid-email,Invalid email format
9740,User8740,invalid-email,Invalid email format
,User8745,user8745@gmail.com,EmpId is missing
9750,User8750,invalid-email,Invalid email format
9760,User8760,invalid-email,Invalid email format
9770,User8770,invalid-email,Invalid email format
,User8775,user8775@gmail.com,EmpId is missing
9780,User8780,invalid-email,Invalid email format
9790,User8790,invalid-email,Invalid email format
9800,User8800,invalid-email,Invalid email format
,User8805,user8805@gmail.com,EmpId is missing
9810,User8810,invalid-email,Invalid email format
9820,User8820,invalid-email,Invalid email format
9830,User8830,invalid-email,Invalid email format
,User8835,user8835@gmail.com,EmpId is missing
9840,User8840,invalid-email,Invalid email format
9850,User8850,invalid-email,Invalid email format
9860,User8860,invalid-email,Invalid email format
,User8865,user8865@gmail.com,EmpId is missing
9870,User8870,invalid-email,Invalid email format
9880,User8880,invalid-email,Invalid email format
9890,User8890,invalid-email,Invalid email format
,User8895,user8895@gmail.com,EmpId is missing
9900,User8900,invalid-email,Invalid email format
9910,User8910,invalid-email,Invalid email format
9920,User8920,invalid-email,Invalid email format
,User8925,user8925@gmail.com,EmpId is missing
9930,User8930,invalid-email,Invalid email format
9940,User8940,invalid-email,Invalid email format
9950,User8950,invalid-email,Invalid email format
,User8955,user8955@gmail.com,EmpId is missing
9960,User8960,invalid-email,Invalid email format
9970,User8970,invalid-email,Invalid email format
9980,User8980,invalid-email,Invalid email format
,User8985,user8985@gmail.com,EmpId is missing
9990,User8990,invalid-email,Invalid email format
10000,User9000,invalid-email,Invalid email format
10010,User9010,invalid-email,Invalid email format
,User9015,user9015@gmail.com,EmpId is missing
10020,User9020,invalid-email,Invalid email format
10030,User9030,invalid-email,Invalid email format
10040,User9040,invalid-email,Invalid email format
,User9045,user9045@gmail.com,EmpId is missing
10050,User9050,invalid-email,Invalid email format
10060,User9060,invalid-email,Invalid email format
10070,User9070,invalid-email,Invalid email format
,User9075,user9075@gmail.com,EmpId is missing
10080,User9080,invalid-email,Invalid email format
10090,User9090,invalid-email,Invalid email format
10100,User9100,invalid-email,Invalid email format
,User9105,user9105@gmail.com,EmpId is missing
10110,User9110,invalid-email,Invalid email format
10120,User9120,invalid-email,Invalid email format
10130,User9130,invalid-email,Invalid email format
,User9135,user9135@gmail.com,EmpId is missing
10140,User9140,invalid-email,Invalid email format
10150,User9150,invalid-email,Invalid email format
10160,User9160,invalid-email,Invalid email format
,User9165,user9165@gmail.com,EmpId is missing
10170,User9170,invalid-email,Invalid email format
10180,User9180,invalid-email,Invalid email format
10190,User9190,invalid-email,Invalid email format
,User9195,user9195@gmail.com,EmpId is missing
10200,User9200,invalid-email,Invalid email format
10210,User9210,invalid-email,Invalid email format
10220,User9220,invalid-email,Invalid email format
,User9225,user9225@gmail.com,EmpId is missing
10230,User9230,invalid-email,Invalid email format
10240,User9240,invalid-email,Invalid email format
10250,User9250,invalid-email,Invalid email format
,User9255,user9255@gmail.com,EmpId is missing
10260,User9260,invalid-email,Invalid email format
10270,User9270,invalid-email,Invalid email format
10280,User9280,invalid-email,Invalid email format
,User9285,user9285@gmail.com,EmpId is missing
10290,User9290,invalid-email,Invalid email format
10300,User9300,invalid-email,Invalid email format
10310,User9310,invalid-email,Invalid email format
,User9315,user9315@gmail.com,EmpId is missing
10320,User9320,invalid-email,Invalid email format
10330,User9330,invalid-email,Invalid email format
10340,User9340,invalid-email,Invalid email format
,User9345,user9345@gmail.com,EmpId is missing
10350,User9350,invalid-email,Invalid email format
10360,User9360,invalid-email,Invalid email format
10370,User9370,invalid-email,Invalid email format
,User9375,user9375@gmail.com,EmpId is missing
10380,User9380,invalid-email,Invalid email format
10390,User9390,invalid-email,Invalid email format
10400,User9400,invalid-email,Invalid email format
,User9405,user9405@gmail.com,EmpId is missing
10410,User9410,invalid-email,Invalid email format
10420,User9420,invalid-email,Invalid email format
10430,User9430,invalid-email,Invalid email format
,User9435,user9435@gmail.com,EmpId is missing
10440,User9440,invalid-email,Invalid email format
10450,User9450,invalid-email,Invalid email format
10460,User9460,invalid-email,Invalid email format
,User9465,user9465@gmail.com,EmpId is missing
10470,User9470,invalid-email,Invalid email format
10480,User9480,invalid-email,Invalid email format
10490,User9490,invalid-email,Invalid email format
,User9495,user9495@gmail.com,EmpId is missing
10500,User9500,invalid-email,Invalid email format
10510,User9510,invalid-email,Invalid email format
10520,User9520,invalid-email,Invalid email format
,User9525,user9525@gmail.com,EmpId is missing
10530,User9530,invalid-email,Invalid email format
10540,User9540,invalid-email,Invalid email format
10550,User9550,invalid-email,Invalid email format
,User9555,user9555@gmail.com,EmpId is missing
10560,User9560,invalid-email,Invalid email format
10570,User9570,invalid-email,Invalid email format
10580,User9580,invalid-email,Invalid email format
,User9585,user9585@gmail.com,EmpId is missing
10590,User9590,invalid-email,Invalid email format
10600,User9600,invalid-email,Invalid email format
10610,User9610,invalid-email,Invalid email format
,User9615,user9615@gmail.com,EmpId is missing
10620,User9620,invalid-email,Invalid email format
10630,User9630,invalid-email,Invalid email format
10640,User9640,invalid-email,Invalid email format
,User9645,user9645@gmail.com,EmpId is missing
10650,User9650,invalid-email,Invalid email format
10660,User9660,invalid-email,Invalid email format
10670,User9670,invalid-email,Invalid email format
,User9675,user9675@gmail.com,EmpId is missing
10680,User9680,invalid-email,Invalid email format
10690,User9690,invalid-email,Invalid email format
10700,User9700,invalid-email,Invalid email format
,User9705,user9705@gmail.com,EmpId is missing
10710,User9710,invalid-email,Invalid email format
10720,User9720,invalid-email,Invalid email format
10730,User9730,invalid-email,Invalid email format
,User9735,user9735@gmail.com,EmpId is missing
10740,User9740,invalid-email,Invalid email format
10750,User9750,invalid-email,Invalid email format
10760,User9760,invalid-email,Invalid email format
,User9765,user9765@gmail.com,EmpId is missing
10770,User9770,invalid-email,Invalid email format
10780,User9780,invalid-email,Invalid email format
10790,User9790,invalid-email,Invalid email format
,User9795,user9795@gmail.com,EmpId is missing
10800,User9800,invalid-email,Invalid email format
10810,User9810,invalid-email,Invalid email format
10820,User9820,invalid-email,Invalid email format
,User9825,user9825@gmail.com,EmpId is missing
10830,User9830,invalid-email,Invalid email format
10840,User9840,invalid-email,Invalid email format
10850,User9850,invalid-email,Invalid email format
,User9855,user9855@gmail.com,EmpId is missing
10860,User9860,invalid-email,Invalid email format
10870,User9870,invalid-email,Invalid email format
10880,User9880,invalid-email,Invalid email format
,User9885,user9885@gmail.com,EmpId is missing
10890,User9890,invalid-email,Invalid email format
10900,User9900,invalid-email,Invalid email format
10910,User9910,invalid-email,Invalid email format
,User9915,user9915@gmail.com,EmpId is missing
10920,User9920,invalid-email,Invalid email format
10930,User9930,invalid-email,Invalid email format
10940,User9940,invalid-email,Invalid email format
,User9945,user9945@gmail.com,EmpId is missing
10950,User9950,invalid-email,Invalid email format
10960,User9960,invalid-email,Invalid email format
10970,User9970,invalid-email,Invalid email format
,User9975,user9975@gmail.com,EmpId is missing
10980,User9980,invalid-email,Invalid email format
10990,User9990,invalid-email,Invalid email format
11000,User10000,invalid-email,Invalid email format
